image_name,region,tree,tree_height,tree_x,tree_y,dbh,tree_age,position,cone,seed,cone_length,undev_seed_count,dev_seed_count,seed_mg,wing_area_mm2,wing_width_mm,wing_length_mm,seed_area_mm2,seed_width_mm,seed_length_mm,circle_area_mm2,circle_width_mm,cone_x,cone_y
PUK_1_BOT_1_S1,PUK,1,6.54,3.4,3.4,9.4,9,BOT,T1_BOT_C1,S1,50.34,3,82,4.3,56.67274608,4.207317073,17.66768293,6.588022531,2.164634146,4.054878049,19.63495408,5,23.07,23.02
PUK_1_BOT_1_S10,PUK,1,6.54,3.4,3.4,9.4,9,BOT,T1_BOT_C1,S10,50.34,3,82,5,59.31706348,4.439393939,17.63636364,6.280047348,2.196969697,3.893939394,19.63495408,5,23.07,23.02
PUK_1_BOT_1_S2,PUK,1,6.54,3.4,3.4,9.4,9,BOT,T1_BOT_C1,S2,50.34,3,82,4.4,48.69679013,3.818181818,17.62121212,4.909255333,1.893939394,3.242424242,19.63495408,5,23.07,23.02
PUK_1_BOT_1_S3,PUK,1,6.54,3.4,3.4,9.4,9,BOT,T1_BOT_C1,S3,50.34,3,82,5,54.97580629,4.242424242,17.43939394,6.875790571,2.363636364,3.772727273,19.63495408,5,23.07,23.02
PUK_1_BOT_1_S4,PUK,1,6.54,3.4,3.4,9.4,9,BOT,T1_BOT_C1,S4,50.34,3,82,5.4,62.09208868,4.545454545,17.6969697,6.322648618,2.318181818,3.590909091,19.63495408,5,23.07,23.02
PUK_1_BOT_1_S5,PUK,1,6.54,3.4,3.4,9.4,9,BOT,T1_BOT_C1,S5,50.34,3,82,4.6,55.19580402,4.817629179,15.51671733,5.741232207,2.203647416,3.389057751,19.63495408,5,23.07,23.02
PUK_1_BOT_1_S6,PUK,1,6.54,3.4,3.4,9.4,9,BOT,T1_BOT_C1,S6,50.34,3,82,5,60.40564058,4.486404834,17.70392749,5.622192322,2.205438066,3.640483384,19.63495408,5,23.07,23.02
PUK_1_BOT_1_S7,PUK,1,6.54,3.4,3.4,9.4,9,BOT,T1_BOT_C1,S7,50.34,3,82,4.9,61.40847095,4.294478528,17.97546012,6.200659553,2.26993865,3.819018405,19.63495408,5,23.07,23.02
PUK_1_BOT_1_S8,PUK,1,6.54,3.4,3.4,9.4,9,BOT,T1_BOT_C1,S8,50.34,3,82,4.2,46.45829814,4.192073171,15.36585366,5.725239852,2.225609756,3.643292683,19.63495408,5,23.07,23.02
PUK_1_BOT_1_S9,PUK,1,6.54,3.4,3.4,9.4,9,BOT,T1_BOT_C1,S9,50.34,3,82,4.6,62.61655169,4.742424242,17.56060606,6.03857761,2.196969697,3.818181818,19.63495408,5,23.07,23.02
PUK_1_BOT_2_S1,PUK,1,6.54,3.4,3.4,9.4,9,BOT,T1_BOT_C2,S1,48.29,6,77,4.8,60.5339105,4.589665653,17.58358663,5.698706133,2.17325228,3.738601824,19.63495408,5,22.48,22.04
PUK_1_BOT_2_S10,PUK,1,6.54,3.4,3.4,9.4,9,BOT,T1_BOT_C2,S10,48.29,6,77,4.6,60.18921507,4.741641337,16.47416413,5.584608664,2.188449848,3.556231003,19.63495408,5,22.48,22.04
PUK_1_BOT_2_S2,PUK,1,6.54,3.4,3.4,9.4,9,BOT,T1_BOT_C2,S2,48.29,6,77,4.7,59.02211373,4.333333333,17.65151515,5.92154079,2.272727273,3.666666667,19.63495408,5,22.48,22.04
PUK_1_BOT_2_S3,PUK,1,6.54,3.4,3.4,9.4,9,BOT,T1_BOT_C2,S3,48.29,6,77,4.7,54.3485454,4.348484848,17.98484848,5.940497081,2.212121212,3.863636364,19.63495408,5,22.48,22.04
PUK_1_BOT_2_S4,PUK,1,6.54,3.4,3.4,9.4,9,BOT,T1_BOT_C2,S4,48.29,6,77,5,61.16370441,4.242424242,18.39393939,5.855675224,2.257575758,3.712121212,19.63495408,5,22.48,22.04
PUK_1_BOT_2_S5,PUK,1,6.54,3.4,3.4,9.4,9,BOT,T1_BOT_C2,S5,48.29,6,77,5,62.66119564,4.939577039,17.37160121,6.217458024,2.296072508,3.821752266,19.63495408,5,22.48,22.04
PUK_1_BOT_2_S6,PUK,1,6.54,3.4,3.4,9.4,9,BOT,T1_BOT_C2,S6,48.29,6,77,5,61.56318916,4.409090909,18.03030303,6.181683062,2.181818182,3.833333333,19.63495408,5,22.48,22.04
PUK_1_BOT_2_S7,PUK,1,6.54,3.4,3.4,9.4,9,BOT,T1_BOT_C2,S7,48.29,6,77,4.7,52.36481815,4.697885196,15.99697885,5.81628622,2.265861027,3.716012085,19.63495408,5,22.48,22.04
PUK_1_BOT_2_S8,PUK,1,6.54,3.4,3.4,9.4,9,BOT,T1_BOT_C2,S8,48.29,6,77,4.6,54.78102557,4.108761329,18.06646526,5.423392793,2.099697885,3.640483384,19.63495408,5,22.48,22.04
PUK_1_BOT_2_S9,PUK,1,6.54,3.4,3.4,9.4,9,BOT,T1_BOT_C2,S9,48.29,6,77,4.3,48.47661393,4.454545455,15,5.172301471,1.954545455,3.636363636,19.63495408,5,22.48,22.04
PUK_1_BOT_3_S1,PUK,1,6.54,3.4,3.4,9.4,9,BOT,T1_BOT_C3,S1,49.51,12,76,5,66.37900872,5.196969697,17.8030303,6.462136787,2.303030303,4.136363636,19.63495408,5,23.02,22.89
PUK_1_BOT_3_S10,PUK,1,6.54,3.4,3.4,9.4,9,BOT,T1_BOT_C3,S10,49.51,12,76,5.1,62.43689513,4.46969697,18.57575758,6.766079001,2.212121212,4.272727273,19.63495408,5,23.02,22.89
PUK_1_BOT_3_S2,PUK,1,6.54,3.4,3.4,9.4,9,BOT,T1_BOT_C3,S2,49.51,12,76,4.4,58.3989256,4.316109422,16.88449848,6.601149143,2.370820669,3.860182371,19.63495408,5,23.02,22.89
PUK_1_BOT_3_S3,PUK,1,6.54,3.4,3.4,9.4,9,BOT,T1_BOT_C3,S3,49.51,12,76,4.9,62.18317287,4.787878788,17.33333333,6.111694615,2.136363636,3.924242424,19.63495408,5,23.02,22.89
PUK_1_BOT_3_S4,PUK,1,6.54,3.4,3.4,9.4,9,BOT,T1_BOT_C3,S4,49.51,12,76,5.4,53.73591249,4.088145897,17.59878419,6.54536646,2.249240122,4.14893617,19.63495408,5,23.02,22.89
PUK_1_BOT_3_S5,PUK,1,6.54,3.4,3.4,9.4,9,BOT,T1_BOT_C3,S5,49.51,12,76,4.8,56.01665686,4.333333333,17.45454545,6.738993641,2.424242424,3.984848485,19.63495408,5,23.02,22.89
PUK_1_BOT_3_S6,PUK,1,6.54,3.4,3.4,9.4,9,BOT,T1_BOT_C3,S6,49.51,12,76,5.3,60.35848128,4.681818182,17.46969697,6.515773504,2.242424242,3.924242424,19.63495408,5,23.02,22.89
PUK_1_BOT_3_S7,PUK,1,6.54,3.4,3.4,9.4,9,BOT,T1_BOT_C3,S7,49.51,12,76,4.7,58.21427514,4.516616314,16.78247734,6.319363929,2.296072508,3.836858006,19.63495408,5,23.02,22.89
PUK_1_BOT_3_S8,PUK,1,6.54,3.4,3.4,9.4,9,BOT,T1_BOT_C3,S8,49.51,12,76,5,52.26509669,4.696969697,14.60606061,6.114737456,2.378787879,3.636363636,19.63495408,5,23.02,22.89
PUK_1_BOT_3_S9,PUK,1,6.54,3.4,3.4,9.4,9,BOT,T1_BOT_C3,S9,49.51,12,76,5.4,56.88462766,4.19939577,17.82477341,6.855965653,2.265861027,4.274924471,19.63495408,5,23.02,22.89
PUK_1_BOT_4_S1,PUK,1,6.54,3.4,3.4,9.4,9,BOT,T1_BOT_C4,S1,49.61,12,84,4.6,58.91534407,4.53030303,17.03030303,6.273368856,2.318181818,3.636363636,19.63495408,5,23.11,22.07
PUK_1_BOT_4_S10,PUK,1,6.54,3.4,3.4,9.4,9,BOT,T1_BOT_C4,S10,49.61,12,84,5.2,64.217297,4.621212121,18.37878788,5.9447534,2.181818182,3.696969697,19.63495408,5,23.11,22.07
PUK_1_BOT_4_S2,PUK,1,6.54,3.4,3.4,9.4,9,BOT,T1_BOT_C4,S2,49.61,12,84,4.9,57.88667413,4.441087613,17.23564955,5.889528467,2.416918429,3.580060423,19.63495408,5,23.11,22.07
PUK_1_BOT_4_S3,PUK,1,6.54,3.4,3.4,9.4,9,BOT,T1_BOT_C4,S3,49.61,12,84,4.8,63.76383866,4.863636364,17.56060606,6.030185796,2.181818182,3.863636364,19.63495408,5,23.11,22.07
PUK_1_BOT_4_S4,PUK,1,6.54,3.4,3.4,9.4,9,BOT,T1_BOT_C4,S4,49.61,12,84,4.8,56.66393129,4.486404834,16.52567976,5.724618091,2.326283988,3.564954683,19.63495408,5,23.11,22.07
PUK_1_BOT_4_S5,PUK,1,6.54,3.4,3.4,9.4,9,BOT,T1_BOT_C4,S5,49.61,12,84,3.9,56.4950992,4.544072948,15.88145897,5.225950884,1.975683891,3.738601824,19.63495408,5,23.11,22.07
PUK_1_BOT_4_S6,PUK,1,6.54,3.4,3.4,9.4,9,BOT,T1_BOT_C4,S6,49.61,12,84,4.3,59.95298498,5.015197568,16.07902736,5.60741092,2.158054711,3.860182371,19.63495408,5,23.11,22.07
PUK_1_BOT_4_S7,PUK,1,6.54,3.4,3.4,9.4,9,BOT,T1_BOT_C4,S7,49.61,12,84,4.8,58.89551141,4.772036474,17.26443769,5.823753108,2.3556231,3.662613982,19.63495408,5,23.11,22.07
PUK_1_BOT_4_S8,PUK,1,6.54,3.4,3.4,9.4,9,BOT,T1_BOT_C4,S8,49.61,12,84,4,60.83890763,4.787234043,16.00303951,5.835316048,2.142857143,3.799392097,19.63495408,5,23.11,22.07
PUK_1_BOT_4_S9,PUK,1,6.54,3.4,3.4,9.4,9,BOT,T1_BOT_C4,S9,49.61,12,84,4.6,54.82089435,4.52887538,16.30699088,5.363498259,1.975683891,3.738601824,19.63495408,5,23.11,22.07
PUK_1_BOT_5_S1,PUK,1,6.54,3.4,3.4,9.4,9,BOT,T1_BOT_C5,S1,43.01,11,66,4.6,57.3433561,4.290030211,17.55287009,5.684648216,2.069486405,3.957703927,19.63495408,5,20.72,19.55
PUK_1_BOT_5_S10,PUK,1,6.54,3.4,3.4,9.4,9,BOT,T1_BOT_C5,S10,43.01,11,66,4.3,52.85979821,4.361702128,15.95744681,5.52171557,2.142857143,3.617021277,19.63495408,5,20.72,19.55
PUK_1_BOT_5_S2,PUK,1,6.54,3.4,3.4,9.4,9,BOT,T1_BOT_C5,S2,43.01,11,66,4.4,60.05322009,4.652567976,16.93353474,5.434707432,1.993957704,3.640483384,19.63495408,5,20.72,19.55
PUK_1_BOT_5_S3,PUK,1,6.54,3.4,3.4,9.4,9,BOT,T1_BOT_C5,S3,43.01,11,66,4.7,53.12483222,4.546827795,15.78549849,5.589343917,2.190332326,3.610271903,19.63495408,5,20.72,19.55
PUK_1_BOT_5_S4,PUK,1,6.54,3.4,3.4,9.4,9,BOT,T1_BOT_C5,S4,43.01,11,66,1.9,32.40319676,3.651515152,12.8030303,5.540390727,2.242424242,3.515151515,19.63495408,5,20.72,19.55
PUK_1_BOT_5_S5,PUK,1,6.54,3.4,3.4,9.4,9,BOT,T1_BOT_C5,S5,43.01,11,66,4.7,54.86813882,4.257575758,17.10606061,5.291692999,2.121212121,3.712121212,19.63495408,5,20.72,19.55
PUK_1_BOT_5_S6,PUK,1,6.54,3.4,3.4,9.4,9,BOT,T1_BOT_C5,S6,43.01,11,66,4.7,52.54012982,4.344512195,15.5945122,5.746659149,2.317073171,3.597560976,19.63495408,5,20.72,19.55
PUK_1_BOT_5_S7,PUK,1,6.54,3.4,3.4,9.4,9,BOT,T1_BOT_C5,S7,43.01,11,66,4.9,48.89288293,4.344512195,15.18292683,5.555104932,2.256097561,3.536585366,19.63495408,5,20.72,19.55
PUK_1_BOT_5_S8,PUK,1,6.54,3.4,3.4,9.4,9,BOT,T1_BOT_C5,S8,43.01,11,66,4.5,55.00525797,4.257575758,16.84848485,5.69919266,2.121212121,3.757575758,19.63495408,5,20.72,19.55
PUK_1_BOT_5_S9,PUK,1,6.54,3.4,3.4,9.4,9,BOT,T1_BOT_C5,S9,43.01,11,66,5.1,58.96465159,4.878787879,16.95454545,5.637148975,2.227272727,3.787878788,19.63495408,5,20.72,19.55
PUK_1_BOT_6_S1,PUK,1,6.54,3.4,3.4,9.4,9,BOT,T1_BOT_C6,S1,52.25,14,89,5.6,65.84018135,4.893292683,17.66768293,6.574369679,2.286585366,4.146341463,19.63495408,5,24.51,23.98
PUK_1_BOT_6_S10,PUK,1,6.54,3.4,3.4,9.4,9,BOT,T1_BOT_C6,S10,52.25,14,89,5.3,71.50578166,5.045592705,17.99392097,6.221176071,2.203647416,3.814589666,19.63495408,5,24.51,23.98
PUK_1_BOT_6_S2,PUK,1,6.54,3.4,3.4,9.4,9,BOT,T1_BOT_C6,S2,52.25,14,89,5.7,73.92570902,5.196969697,18.28787879,6.555733561,2.310030395,3.96656535,19.63495408,5,24.51,23.98
PUK_1_BOT_6_S3,PUK,1,6.54,3.4,3.4,9.4,9,BOT,T1_BOT_C6,S3,52.25,14,89,5.5,70.6218798,5.168711656,18.6196319,6.20489212,2.331288344,3.895705521,19.63495408,5,24.51,23.98
PUK_1_BOT_6_S4,PUK,1,6.54,3.4,3.4,9.4,9,BOT,T1_BOT_C6,S4,52.25,14,89,5.6,66.51493054,5.04601227,18.32822086,6.476126237,2.239263804,4.003067485,19.63495408,5,24.51,23.98
PUK_1_BOT_6_S5,PUK,1,6.54,3.4,3.4,9.4,9,BOT,T1_BOT_C6,S5,52.25,14,89,5.8,61.80025324,4.62006079,17.70516717,6.551482134,2.212121212,4.151515152,19.63495408,5,24.51,23.98
PUK_1_BOT_6_S6,PUK,1,6.54,3.4,3.4,9.4,9,BOT,T1_BOT_C6,S6,52.25,14,89,5.7,60.15407077,4.756838906,18.556231,6.387271449,2.249240122,4.088145897,19.63495408,5,24.51,23.98
PUK_1_BOT_6_S7,PUK,1,6.54,3.4,3.4,9.4,9,BOT,T1_BOT_C6,S7,52.25,14,89,5.7,60.75551943,4.560606061,18.22727273,6.228817377,2.196969697,3.909090909,19.63495408,5,24.51,23.98
PUK_1_BOT_6_S8,PUK,1,6.54,3.4,3.4,9.4,9,BOT,T1_BOT_C6,S8,52.25,14,89,2,55.69614989,5.167173252,15.42553191,6.393262734,2.26443769,3.920972644,19.63495408,5,24.51,23.98
PUK_1_BOT_6_S9,PUK,1,6.54,3.4,3.4,9.4,9,BOT,T1_BOT_C6,S9,52.25,14,89,5.2,68.06093926,5.091743119,17.82874618,6.414085001,2.247706422,3.868501529,19.63495408,5,24.51,23.98
PUK_1_MH_1_S1,PUK,1,6.54,3.4,3.4,9.4,9,MH,T1_MH_C1,S1,49.54,5,86,4.1,55.01907451,4.676966292,16.13764045,5.654413857,2.162921348,3.651685393,19.63495408,5,21.26,21.25
PUK_1_MH_1_S10,PUK,1,6.54,3.4,3.4,9.4,9,MH,T1_MH_C1,S10,49.54,5,86,3.4,42.15358727,4.056338028,14.1971831,4.798785218,2.084507042,3.281690141,19.63495408,5,21.26,21.25
PUK_1_MH_1_S2,PUK,1,6.54,3.4,3.4,9.4,9,MH,T1_MH_C1,S2,49.54,5,86,4,47.43643441,4.171348315,15.51966292,4.841018555,1.896067416,3.581460674,19.63495408,5,21.26,21.25
PUK_1_MH_1_S3,PUK,1,6.54,3.4,3.4,9.4,9,MH,T1_MH_C1,S3,49.54,5,86,4.3,56.78324842,4.887640449,16.54494382,5.357114239,2.120786517,3.539325843,19.63495408,5,21.26,21.25
PUK_1_MH_1_S4,PUK,1,6.54,3.4,3.4,9.4,9,MH,T1_MH_C1,S4,49.54,5,86,4.1,51.02302406,4.255617978,15.73033708,5.677246191,2.233146067,3.539325843,19.63495408,5,21.26,21.25
PUK_1_MH_1_S5,PUK,1,6.54,3.4,3.4,9.4,9,MH,T1_MH_C1,S5,49.54,5,86,4,46.66071897,3.75,16.55898876,5.267698867,2.008426966,3.834269663,19.63495408,5,21.26,21.25
PUK_1_MH_1_S6,PUK,1,6.54,3.4,3.4,9.4,9,MH,T1_MH_C1,S6,49.54,5,86,4.2,53.49411828,4.676966292,15.8988764,5.132552567,2.261235955,3.328651685,19.63495408,5,21.26,21.25
PUK_1_MH_1_S8,PUK,1,6.54,3.4,3.4,9.4,9,MH,T1_MH_C1,S8,49.54,5,86,2.5,55.00848918,4.873239437,16.49295775,5.207379677,2.14084507,3.549295775,19.63495408,5,21.26,21.25
PUK_1_MH_1_S9,PUK,1,6.54,3.4,3.4,9.4,9,MH,T1_MH_C1,S9,49.54,5,86,3.8,26.94979785,3.042253521,12.12676056,4.275418075,2.056338028,2.887323944,19.63495408,5,21.26,21.25
PUK_1_MH_2_S1,PUK,1,6.54,3.4,3.4,9.4,9,MH,T1_MH_C2,S1,45.72,7,60,2.6,57.22072363,4.667673716,16.41993958,6.42966195,2.401812689,3.761329305,19.63495408,5,22.48,21.43
PUK_1_MH_2_S10,PUK,1,6.54,3.4,3.4,9.4,9,MH,T1_MH_C2,S10,45.72,7,60,5.3,54.85546202,4.305135952,17.22054381,5.735833818,2.129909366,3.761329305,19.63495408,5,22.48,21.43
PUK_1_MH_2_S2,PUK,1,6.54,3.4,3.4,9.4,9,MH,T1_MH_C2,S2,45.72,7,60,4.7,41.92387228,3.549848943,14.81873112,5.096897801,2.190332326,3.277945619,19.63495408,5,22.48,21.43
PUK_1_MH_2_S3,PUK,1,6.54,3.4,3.4,9.4,9,MH,T1_MH_C2,S3,45.72,7,60,3.7,53.23096553,4.093655589,17.14501511,5.155122199,2.039274924,3.549848943,19.63495408,5,22.48,21.43
PUK_1_MH_2_S4,PUK,1,6.54,3.4,3.4,9.4,9,MH,T1_MH_C2,S4,45.72,7,60,4.6,48.60640055,4.18429003,16.4652568,5.877787865,2.432024169,3.474320242,19.63495408,5,22.48,21.43
PUK_1_MH_2_S5,PUK,1,6.54,3.4,3.4,9.4,9,MH,T1_MH_C2,S5,45.72,7,60,4.5,57.34503773,4.622356495,17.68882175,5.818255195,2.190332326,3.791540785,19.63495408,5,22.48,21.43
PUK_1_MH_2_S6,PUK,1,6.54,3.4,3.4,9.4,9,MH,T1_MH_C2,S6,45.72,7,60,4.5,45.09649198,4.051204819,14.90963855,5.678575368,2.259036145,3.463855422,19.63495408,5,22.48,21.43
PUK_1_MH_2_S7,PUK,1,6.54,3.4,3.4,9.4,9,MH,T1_MH_C2,S7,45.72,7,60,4.1,58.91919916,4.833836858,16.34441088,6.021725757,2.205438066,3.655589124,19.63495408,5,22.48,21.43
PUK_1_MH_2_S8,PUK,1,6.54,3.4,3.4,9.4,9,MH,T1_MH_C2,S8,45.72,7,60,4.7,53.85320727,4.380664653,15.96676737,5.537742138,2.190332326,3.474320242,19.63495408,5,22.48,21.43
PUK_1_MH_2_S9,PUK,1,6.54,3.4,3.4,9.4,9,MH,T1_MH_C2,S9,45.72,7,60,4.4,50.75381496,3.954545455,16.90909091,5.336957217,1.96969697,3.772727273,19.63495408,5,22.48,21.43
PUK_1_MH_4_S1,PUK,1,6.54,3.4,3.4,9.4,9,MH,T1_MH_C4,S1,44.32,4,86,4.2,51.05907119,4.272727273,16.04545455,5.469380955,2.045454545,3.621212121,19.63495408,5,21.98,21.94
PUK_1_MH_4_S10,PUK,1,6.54,3.4,3.4,9.4,9,MH,T1_MH_C4,S10,44.32,4,86,4.5,53.19841081,4.348484848,16.01515152,5.22393241,2.166666667,3.409090909,19.63495408,5,21.98,21.94
PUK_1_MH_4_S2,PUK,1,6.54,3.4,3.4,9.4,9,MH,T1_MH_C4,S2,44.32,4,86,5,53.21563568,4.361702128,15.80547112,4.883317696,2.066869301,3.449848024,19.63495408,5,21.98,21.94
PUK_1_MH_4_S3,PUK,1,6.54,3.4,3.4,9.4,9,MH,T1_MH_C4,S3,44.32,4,86,4.5,51.41490754,4.164133739,16.70212766,5.302081432,2.203647416,3.662613982,19.63495408,5,21.98,21.94
PUK_1_MH_4_S4,PUK,1,6.54,3.4,3.4,9.4,9,MH,T1_MH_C4,S4,44.32,4,86,4.6,51.29154719,4.194528875,16.33738602,5.406058799,2.17325228,3.601823708,19.63495408,5,21.98,21.94
PUK_1_MH_4_S5,PUK,1,6.54,3.4,3.4,9.4,9,MH,T1_MH_C4,S5,44.32,4,86,4.8,37.37061268,3.76899696,13.8449848,4.62220985,2.112462006,3.145896657,19.63495408,5,21.98,21.94
PUK_1_MH_4_S6,PUK,1,6.54,3.4,3.4,9.4,9,MH,T1_MH_C4,S6,44.32,4,86,3.6,48.00386701,4.075757576,15.59090909,5.420447504,2.015151515,3.666666667,19.63495408,5,21.98,21.94
PUK_1_MH_4_S7,PUK,1,6.54,3.4,3.4,9.4,9,MH,T1_MH_C4,S7,44.32,4,86,4.6,52.02192917,4.212121212,15.98484848,5.691035646,2.196969697,3.606060606,19.63495408,5,21.98,21.94
PUK_1_MH_4_S8,PUK,1,6.54,3.4,3.4,9.4,9,MH,T1_MH_C4,S8,44.32,4,86,4.5,51.24014646,4.392097264,15.74468085,5.846864213,2.142857143,3.814589666,19.63495408,5,21.98,21.94
PUK_1_MH_4_S9,PUK,1,6.54,3.4,3.4,9.4,9,MH,T1_MH_C4,S9,44.32,4,86,4.8,52.68975297,4.574468085,15.59270517,6.170678019,2.279635258,3.662613982,19.63495408,5,21.98,21.94
PUK_1_MH_5_S1,PUK,1,6.54,3.4,3.4,9.4,9,MH,T1_MH_C5,S1,39.27,15,44,5.1,48.73938448,4.25304878,15.73170732,5.74729173,2.103658537,3.887195122,19.63495408,5,21.87,21.17
PUK_1_MH_5_S10,PUK,1,6.54,3.4,3.4,9.4,9,MH,T1_MH_C5,S10,39.27,15,44,4.8,50.16511775,4.606060606,14.48484848,5.269169969,2.03030303,3.606060606,19.63495408,5,21.87,21.17
PUK_1_MH_5_S2,PUK,1,6.54,3.4,3.4,9.4,9,MH,T1_MH_C5,S2,39.27,15,44,5.2,43.76175807,3.863636364,14.90909091,5.421332862,2.106060606,3.636363636,19.63495408,5,21.87,21.17
PUK_1_MH_5_S3,PUK,1,6.54,3.4,3.4,9.4,9,MH,T1_MH_C5,S3,39.27,15,44,3.9,57.44076479,4.727272727,16.87878788,6.3695597,2.348484848,3.96969697,19.63495408,5,21.87,21.17
PUK_1_MH_5_S4,PUK,1,6.54,3.4,3.4,9.4,9,MH,T1_MH_C5,S4,39.27,15,44,5,48.40433614,4.257575758,15.15151515,6.080173446,2.348484848,3.606060606,19.63495408,5,21.87,21.17
PUK_1_MH_5_S5,PUK,1,6.54,3.4,3.4,9.4,9,MH,T1_MH_C5,S5,39.27,15,44,5.1,53.98941491,4.212121212,16.39393939,5.532888635,2.106060606,3.560606061,19.63495408,5,21.87,21.17
PUK_1_MH_5_S6,PUK,1,6.54,3.4,3.4,9.4,9,MH,T1_MH_C5,S6,39.27,15,44,5.4,60.05754756,4.727272727,16.84848485,5.714698844,2.151515152,3.666666667,19.63495408,5,21.87,21.17
PUK_1_MH_5_S7,PUK,1,6.54,3.4,3.4,9.4,9,MH,T1_MH_C5,S7,39.27,15,44,5.5,47.66665548,4.787234043,14.86322188,5.425587029,2.127659574,3.753799392,19.63495408,5,21.87,21.17
PUK_1_MH_5_S8,PUK,1,6.54,3.4,3.4,9.4,9,MH,T1_MH_C5,S8,39.27,15,44,4.9,47.62092736,4.121212121,14.77272727,5.219444278,2.015151515,3.5,19.63495408,5,21.87,21.17
PUK_1_MH_5_S9,PUK,1,6.54,3.4,3.4,9.4,9,MH,T1_MH_C5,S9,39.27,15,44,5.4,43.44956808,4.196969697,14.75757576,5.314969835,2.075757576,3.575757576,19.63495408,5,21.87,21.17
PUK_1_MH_6_S1,PUK,1,6.54,3.4,3.4,9.4,9,MH,T1_MH_C6,S1,42.34,9,60,5.2,49.625408,4.606060606,14.8030303,5.500862875,2.015151515,3.909090909,19.63495408,5,20.09,20.08
PUK_1_MH_6_S10,PUK,1,6.54,3.4,3.4,9.4,9,MH,T1_MH_C6,S10,42.34,9,60,4.5,47.59141372,4.363636364,15.15151515,5.686175673,2.303030303,3.727272727,19.63495408,5,20.09,20.08
PUK_1_MH_6_S2,PUK,1,6.54,3.4,3.4,9.4,9,MH,T1_MH_C6,S2,42.34,9,60,4.9,54.78428478,4.515151515,15.74242424,5.825357716,2.257575758,3.681818182,19.63495408,5,20.09,20.08
PUK_1_MH_6_S3,PUK,1,6.54,3.4,3.4,9.4,9,MH,T1_MH_C6,S3,42.34,9,60,4.5,54.10484962,4.544072948,16.18541033,5.416317354,2.097264438,3.799392097,19.63495408,5,20.09,20.08
PUK_1_MH_6_S4,PUK,1,6.54,3.4,3.4,9.4,9,MH,T1_MH_C6,S4,42.34,9,60,4.8,45.62346076,4.15407855,14.98489426,5.969623164,2.190332326,3.776435045,19.63495408,5,20.09,20.08
PUK_1_MH_6_S5,PUK,1,6.54,3.4,3.4,9.4,9,MH,T1_MH_C6,S5,42.34,9,60,4.6,43.34844623,4.274924471,13.74622356,5.444973842,2.084592145,3.625377644,19.63495408,5,20.09,20.08
PUK_1_MH_6_S6,PUK,1,6.54,3.4,3.4,9.4,9,MH,T1_MH_C6,S6,42.34,9,60,5.3,53.74628289,4.636363636,14.71212121,4.809464771,2,3.287878788,19.63495408,5,20.09,20.08
PUK_1_MH_6_S7,PUK,1,6.54,3.4,3.4,9.4,9,MH,T1_MH_C6,S7,42.34,9,60,4.4,34.66039733,3.5,13.62121212,5.562517611,2.121212121,3.681818182,19.63495408,5,20.09,20.08
PUK_1_MH_6_S8,PUK,1,6.54,3.4,3.4,9.4,9,MH,T1_MH_C6,S8,42.34,9,60,4.4,45.47805398,4.121212121,15.13636364,5.767975093,2.212121212,3.696969697,19.63495408,5,20.09,20.08
PUK_1_MH_6_S9,PUK,1,6.54,3.4,3.4,9.4,9,MH,T1_MH_C6,S9,42.34,9,60,1.7,53.64976505,4.441087613,15.48338369,5.426076439,2.205438066,3.549848943,19.63495408,5,20.09,20.08
PUK_1_MH_7_S1,PUK,1,6.54,3.4,3.4,9.4,9,MH,T1_MH_C7,S1,41.18,7,70,5.3,29.59137549,3.510638298,12.47720365,4.821540927,2.021276596,3.495440729,19.63495408,5,20.39,20.34
PUK_1_MH_7_S10,PUK,1,6.54,3.4,3.4,9.4,9,MH,T1_MH_C7,S10,41.18,7,70,3.2,47.61552764,4.43768997,15.13677812,5.191866997,2.112462006,3.495440729,19.63495408,5,20.39,20.34
PUK_1_MH_7_S2,PUK,1,6.54,3.4,3.4,9.4,9,MH,T1_MH_C7,S2,41.18,7,70,3.8,44.57901148,4.078549849,14.6978852,5.268204298,2.129909366,3.580060423,19.63495408,5,20.39,20.34
PUK_1_MH_7_S3,PUK,1,6.54,3.4,3.4,9.4,9,MH,T1_MH_C7,S3,41.18,7,70,3.9,42.15970655,4.072948328,13.96656535,4.504127904,1.899696049,3.267477204,19.63495408,5,20.39,20.34
PUK_1_MH_7_S4,PUK,1,6.54,3.4,3.4,9.4,9,MH,T1_MH_C7,S4,41.18,7,70,3.8,49.99974775,4.348484848,14.83333333,5.269805994,2.090909091,3.46969697,19.63495408,5,20.39,20.34
PUK_1_MH_7_S5,PUK,1,6.54,3.4,3.4,9.4,9,MH,T1_MH_C7,S5,41.18,7,70,3.7,48.69406522,4.027355623,15.95744681,5.64276083,2.127659574,3.753799392,19.63495408,5,20.39,20.34
PUK_1_MH_7_S6,PUK,1,6.54,3.4,3.4,9.4,9,MH,T1_MH_C7,S6,41.18,7,70,4.4,49.90600277,4.513677812,16.01823708,5.219799501,2.006079027,3.693009119,19.63495408,5,20.39,20.34
PUK_1_MH_7_S7,PUK,1,6.54,3.4,3.4,9.4,9,MH,T1_MH_C7,S7,41.18,7,70,3.8,49.58262002,4.270516717,15.59270517,5.145353254,1.930091185,3.525835866,19.63495408,5,20.39,20.34
PUK_1_MH_7_S8,PUK,1,6.54,3.4,3.4,9.4,9,MH,T1_MH_C7,S8,41.18,7,70,3.7,32.56946808,3.267477204,12.6899696,5.050203693,2.112462006,3.434650456,19.63495408,5,20.39,20.34
PUK_1_MH_7_S9,PUK,1,6.54,3.4,3.4,9.4,9,MH,T1_MH_C7,S9,41.18,7,70,3.6,35.57323778,3.738601824,13.69300912,4.756428372,1.930091185,3.465045593,19.63495408,5,20.39,20.34
PUK_1_MH_8_S1,PUK,1,6.54,3.4,3.4,9.4,9,MH,T1_MH_C8,S1,48.1,8,92,3.8,57.86511972,4.501510574,17.08459215,5.681832268,2.099697885,3.927492447,19.63495408,5,22.29,21.82
PUK_1_MH_8_S10,PUK,1,6.54,3.4,3.4,9.4,9,MH,T1_MH_C8,S10,48.1,8,92,4.6,48.4994119,4.009146341,16.92073171,5.661914185,2.073170732,3.856707317,19.63495408,5,22.29,21.82
PUK_1_MH_8_S2,PUK,1,6.54,3.4,3.4,9.4,9,MH,T1_MH_C8,S2,48.1,8,92,5,47.60411993,4.015151515,15.36363636,5.380021754,2,3.651515152,19.63495408,5,22.29,21.82
PUK_1_MH_8_S3,PUK,1,6.54,3.4,3.4,9.4,9,MH,T1_MH_C8,S3,48.1,8,92,4.3,51.78370964,4.18429003,16.16314199,5.5831333,2.114803625,3.474320242,19.63495408,5,22.29,21.82
PUK_1_MH_8_S4,PUK,1,6.54,3.4,3.4,9.4,9,MH,T1_MH_C8,S4,48.1,8,92,4.2,52.96252833,4.486404834,15.92145015,5.114182472,2.145015106,3.398791541,19.63495408,5,22.29,21.82
PUK_1_MH_8_S5,PUK,1,6.54,3.4,3.4,9.4,9,MH,T1_MH_C8,S5,48.1,8,92,4.2,54.76462011,4.546827795,16.82779456,5.520855152,2.039274924,3.851963746,19.63495408,5,22.29,21.82
PUK_1_MH_8_S6,PUK,1,6.54,3.4,3.4,9.4,9,MH,T1_MH_C8,S6,48.1,8,92,4.7,49.61154834,4.209726444,17.47720365,5.756413945,2.158054711,3.951367781,19.63495408,5,22.29,21.82
PUK_1_MH_8_S7,PUK,1,6.54,3.4,3.4,9.4,9,MH,T1_MH_C8,S7,48.1,8,92,4.8,46.09047359,4.070121951,15.36585366,5.656644835,2.164634146,3.734756098,19.63495408,5,22.29,21.82
PUK_1_MH_8_S8,PUK,1,6.54,3.4,3.4,9.4,9,MH,T1_MH_C8,S8,48.1,8,92,4.3,41.91163605,3.96656535,14.36170213,5.018800952,2.066869301,3.419452888,19.63495408,5,22.29,21.82
PUK_1_MH_8_S9,PUK,1,6.54,3.4,3.4,9.4,9,MH,T1_MH_C8,S9,48.1,8,92,3.7,44.40547397,4.305135952,13.88217523,5.053248992,1.993957704,3.489425982,19.63495408,5,22.29,21.82
PUK_1_TOP_4_S1,PUK,1,6.54,3.4,3.4,9.4,9,TOP,T1_TOP_C4,S1,49.96,22,112,4,64.0469266,4.817073171,17.25609756,6.269468822,2.210365854,3.917682927,19.63495408,5,24,23.86
PUK_1_TOP_4_S10,PUK,1,6.54,3.4,3.4,9.4,9,TOP,T1_TOP_C4,S10,49.96,22,112,4.9,64.05525642,4.649390244,17.92682927,6.132026411,2.332317073,3.658536585,19.63495408,5,24,23.86
PUK_1_TOP_4_S2,PUK,1,6.54,3.4,3.4,9.4,9,TOP,T1_TOP_C4,S2,49.96,22,112,5,54.86734064,4.118541033,17.18844985,5.79036976,2.127659574,3.784194529,19.63495408,5,24,23.86
PUK_1_TOP_4_S3,PUK,1,6.54,3.4,3.4,9.4,9,TOP,T1_TOP_C4,S3,49.96,22,112,4.5,65.51795021,4.908536585,17.57621951,6.180486205,2.317073171,3.856707317,19.63495408,5,24,23.86
PUK_1_TOP_4_S4,PUK,1,6.54,3.4,3.4,9.4,9,TOP,T1_TOP_C4,S4,49.96,22,112,4.6,55.47542691,4.344512195,16.78353659,6.109237072,2.347560976,3.582317073,19.63495408,5,24,23.86
PUK_1_TOP_4_S5,PUK,1,6.54,3.4,3.4,9.4,9,TOP,T1_TOP_C4,S5,49.96,22,112,1.7,55.5970979,4.418960245,16.77370031,5.801916025,2.339449541,3.73088685,19.63495408,5,24,23.86
PUK_1_TOP_4_S6,PUK,1,6.54,3.4,3.4,9.4,9,TOP,T1_TOP_C4,S6,49.96,22,112,4.2,63.07138127,5.045592705,16.29179331,5.753237813,2.249240122,3.67781155,19.63495408,5,24,23.86
PUK_1_TOP_4_S7,PUK,1,6.54,3.4,3.4,9.4,9,TOP,T1_TOP_C4,S7,49.96,22,112,4.4,59.85122241,4.498480243,17.15805471,5.838772177,2.294832827,3.465045593,19.63495408,5,24,23.86
PUK_1_TOP_4_S8,PUK,1,6.54,3.4,3.4,9.4,9,TOP,T1_TOP_C4,S8,49.96,22,112,4.9,64.40816012,5.09202454,17.00920245,6.584335934,2.300613497,3.834355828,19.63495408,5,24,23.86
PUK_1_TOP_4_S9,PUK,1,6.54,3.4,3.4,9.4,9,TOP,T1_TOP_C4,S9,49.96,22,112,4.4,52.67516058,4.417177914,16.28834356,5.847045856,2.17791411,3.757668712,19.63495408,5,24,23.86
PUK_1_TOP_5_S1,PUK,1,6.54,3.4,3.4,9.4,9,TOP,T1_TOP_C5,S1,42.02,18,89,1.4,46.72530458,4.115853659,14.93902439,5.294987794,2.088414634,3.445121951,19.63495408,5,21.44,20.51
PUK_1_TOP_5_S10,PUK,1,6.54,3.4,3.4,9.4,9,TOP,T1_TOP_C5,S10,42.02,18,89,4.1,48.86252047,4.604863222,14.98480243,5.453114476,2.127659574,3.465045593,19.63495408,5,21.44,20.51
PUK_1_TOP_5_S2,PUK,1,6.54,3.4,3.4,9.4,9,TOP,T1_TOP_C5,S2,42.02,18,89,3.7,41.32500025,4.209726444,13.98176292,5.376597698,2.006079027,3.67781155,19.63495408,5,21.44,20.51
PUK_1_TOP_5_S3,PUK,1,6.54,3.4,3.4,9.4,9,TOP,T1_TOP_C5,S3,42.02,18,89,4.3,52.6232019,4.772036474,14.92401216,5.58272253,2.17325228,3.541033435,19.63495408,5,21.44,20.51
PUK_1_TOP_5_S4,PUK,1,6.54,3.4,3.4,9.4,9,TOP,T1_TOP_C5,S4,42.02,18,89,1.8,49.28287975,4.573170732,15.71646341,5.531848486,2.118902439,3.643292683,19.63495408,5,21.44,20.51
PUK_1_TOP_5_S5,PUK,1,6.54,3.4,3.4,9.4,9,TOP,T1_TOP_C5,S5,42.02,18,89,4.6,49.62839494,4.542682927,15.12195122,5.880822035,2.271341463,3.719512195,19.63495408,5,21.44,20.51
PUK_1_TOP_5_S6,PUK,1,6.54,3.4,3.4,9.4,9,TOP,T1_TOP_C5,S6,42.02,18,89,4.9,54.47933336,4.878419453,15.07598784,5.742230431,2.249240122,3.601823708,19.63495408,5,21.44,20.51
PUK_1_TOP_5_S7,PUK,1,6.54,3.4,3.4,9.4,9,TOP,T1_TOP_C5,S7,42.02,18,89,4.7,46.41249045,4.255319149,15.60790274,5.942314905,2.17325228,3.662613982,19.63495408,5,21.44,20.51
PUK_1_TOP_5_S8,PUK,1,6.54,3.4,3.4,9.4,9,TOP,T1_TOP_C5,S8,42.02,18,89,4.6,47.28080354,4.194528875,14.83282675,5.722397286,2.082066869,3.662613982,19.63495408,5,21.44,20.51
PUK_1_TOP_5_S9,PUK,1,6.54,3.4,3.4,9.4,9,TOP,T1_TOP_C5,S9,42.02,18,89,4.3,43.6714148,3.58662614,15.15197568,5.744053792,2.112462006,3.525835866,19.63495408,5,21.44,20.51
PUK_1_TOP_6_S1,PUK,1,6.54,3.4,3.4,9.4,9,TOP,T1_TOP_C6,S1,47.15,21,103,3.9,55.69223,4.483282675,17.03647416,5.645201925,2.127659574,3.647416413,19.63495408,5,22.89,22.84
PUK_1_TOP_6_S10,PUK,1,6.54,3.4,3.4,9.4,9,TOP,T1_TOP_C6,S10,47.15,21,103,3.8,56.80145463,4.5,16.90909091,5.884563406,2.227272727,3.575757576,19.63495408,5,22.89,22.84
PUK_1_TOP_6_S2,PUK,1,6.54,3.4,3.4,9.4,9,TOP,T1_TOP_C6,S2,47.15,21,103,4.7,63.01884386,5.121580547,16.79331307,6.230184617,2.3556231,3.76899696,19.63495408,5,22.89,22.84
PUK_1_TOP_6_S3,PUK,1,6.54,3.4,3.4,9.4,9,TOP,T1_TOP_C6,S3,47.15,21,103,5.2,58.37812876,4.678899083,16.72782875,5.589881292,2.140672783,3.71559633,19.63495408,5,22.89,22.84
PUK_1_TOP_6_S4,PUK,1,6.54,3.4,3.4,9.4,9,TOP,T1_TOP_C6,S4,47.15,21,103,4.8,55.84848984,4.696048632,15.8662614,5.916844186,2.17325228,3.647416413,19.63495408,5,22.89,22.84
PUK_1_TOP_6_S5,PUK,1,6.54,3.4,3.4,9.4,9,TOP,T1_TOP_C6,S5,47.15,21,103,4.4,52.44084502,4.361702128,16.41337386,5.676487625,2.188449848,3.723404255,19.63495408,5,22.89,22.84
PUK_1_TOP_6_S6,PUK,1,6.54,3.4,3.4,9.4,9,TOP,T1_TOP_C6,S6,47.15,21,103,4.6,45.51277998,3.96656535,15.13677812,5.673324805,2.158054711,3.465045593,19.63495408,5,22.89,22.84
PUK_1_TOP_6_S7,PUK,1,6.54,3.4,3.4,9.4,9,TOP,T1_TOP_C6,S7,47.15,21,103,4.5,61.60214775,4.984802432,16.85410334,5.975745117,2.142857143,3.76899696,19.63495408,5,22.89,22.84
PUK_1_TOP_6_S8,PUK,1,6.54,3.4,3.4,9.4,9,TOP,T1_TOP_C6,S8,47.15,21,103,4.8,56.51449997,4.756097561,16.79878049,5.844952222,2.179878049,3.780487805,19.63495408,5,22.89,22.84
PUK_1_TOP_6_S9,PUK,1,6.54,3.4,3.4,9.4,9,TOP,T1_TOP_C6,S9,47.15,21,103,4.6,54.61291015,4.574468085,16.07902736,5.542021799,2.082066869,3.525835866,19.63495408,5,22.89,22.84
PUK_2_BOT_1_S1,PUK,2,5.8,3.26,2.67,9,8,BOT,T2_BOT_C1,S1,50.92,15,106,3.7,47.21359206,4.574468085,14.10334347,5.457421129,2.097264438,3.525835866,19.63495408,5,24.73,24.65
PUK_2_BOT_1_S10,PUK,2,5.8,3.26,2.67,9,8,BOT,T2_BOT_C1,S10,50.92,15,106,3.6,48.70585725,4.498480243,14.45288754,5.271856932,2.203647416,3.267477204,19.63495408,5,24.73,24.65
PUK_2_BOT_1_S2,PUK,2,5.8,3.26,2.67,9,8,BOT,T2_BOT_C1,S2,50.92,15,106,4.5,41.90491286,4.272727273,13.06060606,4.984091089,2.060606061,3.242424242,19.63495408,5,24.73,24.65
PUK_2_BOT_1_S3,PUK,2,5.8,3.26,2.67,9,8,BOT,T2_BOT_C1,S3,50.92,15,106,3.9,46.39966787,4.484848485,14.46969697,5.468465344,2.106060606,3.53030303,19.63495408,5,24.73,24.65
PUK_2_BOT_1_S4,PUK,2,5.8,3.26,2.67,9,8,BOT,T2_BOT_C1,S4,50.92,15,106,4.1,45.21515868,4.108761329,14.19939577,5.711750554,2.296072508,3.504531722,19.63495408,5,24.73,24.65
PUK_2_BOT_1_S5,PUK,2,5.8,3.26,2.67,9,8,BOT,T2_BOT_C1,S5,50.92,15,106,4.6,43.40933273,4.637462236,12.82477341,5.068850706,2.069486405,3.398791541,19.63495408,5,24.73,24.65
PUK_2_BOT_1_S6,PUK,2,5.8,3.26,2.67,9,8,BOT,T2_BOT_C1,S6,50.92,15,106,3.4,42.156832,4.19939577,13.76132931,5.411701011,2.129909366,3.519637462,19.63495408,5,24.73,24.65
PUK_2_BOT_1_S7,PUK,2,5.8,3.26,2.67,9,8,BOT,T2_BOT_C1,S7,50.92,15,106,4.1,45.84235201,4.214501511,14.57703927,5.022747051,2.084592145,3.262839879,19.63495408,5,24.73,24.65
PUK_2_BOT_1_S8,PUK,2,5.8,3.26,2.67,9,8,BOT,T2_BOT_C1,S8,50.92,15,106,4.1,42.01271069,4.018126888,13.82175227,5.253075016,2.145015106,3.444108761,19.63495408,5,24.73,24.65
PUK_2_BOT_1_S9,PUK,2,5.8,3.26,2.67,9,8,BOT,T2_BOT_C1,S9,50.92,15,106,1.1,46.30364518,4.604863222,13.90577508,5.561538241,2.158054711,3.480243161,19.63495408,5,24.73,24.65
PUK_2_BOT_2_S1,PUK,2,5.8,3.26,2.67,9,8,BOT,T2_BOT_C2,S1,50.9,10,101,4.3,48.89367182,4.410876133,15.13595166,5.701295857,2.114803625,3.700906344,19.63495408,5,24.46,23.79
PUK_2_BOT_2_S10,PUK,2,5.8,3.26,2.67,9,8,BOT,T2_BOT_C2,S10,50.9,10,101,4.7,47.30768706,4.441087613,14.60725076,4.995468561,1.948640483,3.474320242,19.63495408,5,24.46,23.79
PUK_2_BOT_2_S2,PUK,2,5.8,3.26,2.67,9,8,BOT,T2_BOT_C2,S2,50.9,10,101,1.3,45.71806546,4.577039275,13.29305136,5.41662568,2.160120846,3.398791541,19.63495408,5,24.46,23.79
PUK_2_BOT_2_S3,PUK,2,5.8,3.26,2.67,9,8,BOT,T2_BOT_C2,S3,50.9,10,101,4.3,46.29318988,4.090909091,15.12121212,5.540820153,1.96969697,3.833333333,19.63495408,5,24.46,23.79
PUK_2_BOT_2_S4,PUK,2,5.8,3.26,2.67,9,8,BOT,T2_BOT_C2,S4,50.9,10,101,4.4,47.51902096,4.498480243,14.45288754,5.303835321,2.097264438,3.556231003,19.63495408,5,24.46,23.79
PUK_2_BOT_2_S5,PUK,2,5.8,3.26,2.67,9,8,BOT,T2_BOT_C2,S5,50.9,10,101,3.9,48.63443258,4.407294833,14.90881459,5.71714188,2.142857143,3.617021277,19.63495408,5,24.46,23.79
PUK_2_BOT_2_S6,PUK,2,5.8,3.26,2.67,9,8,BOT,T2_BOT_C2,S6,50.9,10,101,4,53.07393142,4.727272727,15.03030303,5.313944235,2.045454545,3.545454545,19.63495408,5,24.46,23.79
PUK_2_BOT_2_S7,PUK,2,5.8,3.26,2.67,9,8,BOT,T2_BOT_C2,S7,50.9,10,101,4.4,46.45518701,4.441087613,13.76132931,4.772743321,2.024169184,3.277945619,19.63495408,5,24.46,23.79
PUK_2_BOT_2_S8,PUK,2,5.8,3.26,2.67,9,8,BOT,T2_BOT_C2,S8,50.9,10,101,4,51.07045353,4.516616314,14.71299094,5.219213153,2.114803625,3.35347432,19.63495408,5,24.46,23.79
PUK_2_BOT_2_S9,PUK,2,5.8,3.26,2.67,9,8,BOT,T2_BOT_C2,S9,50.9,10,101,4.4,46.05360554,4.272727273,14.54545455,6.213751847,2.303030303,3.803030303,19.63495408,5,24.46,23.79
PUK_2_BOT_3_S1,PUK,2,5.8,3.26,2.67,9,8,BOT,T2_BOT_C3,S1,47.39,12,85,4.7,48.9536182,4.417177914,15,5.274507702,1.978527607,3.757668712,19.63495408,5,23.43,23.07
PUK_2_BOT_3_S10,PUK,2,5.8,3.26,2.67,9,8,BOT,T2_BOT_C3,S10,47.39,12,85,3.5,45.66239827,4.143730887,14.40366972,5.764203085,2.171253823,3.486238532,19.63495408,5,23.43,23.07
PUK_2_BOT_3_S2,PUK,2,5.8,3.26,2.67,9,8,BOT,T2_BOT_C3,S2,47.39,12,85,4.2,27.92431545,3.190184049,11.93251534,5.017177966,2.024539877,3.466257669,19.63495408,5,23.43,23.07
PUK_2_BOT_3_S3,PUK,2,5.8,3.26,2.67,9,8,BOT,T2_BOT_C3,S3,47.39,12,85,3.5,41.21465209,4.557926829,12.42378049,5.133421069,2.134146341,3.262195122,19.63495408,5,23.43,23.07
PUK_2_BOT_3_S4,PUK,2,5.8,3.26,2.67,9,8,BOT,T2_BOT_C3,S4,47.39,12,85,1.3,46.71216492,4.298780488,14.46646341,5.641625001,2.179878049,3.582317073,19.63495408,5,23.43,23.07
PUK_2_BOT_3_S5,PUK,2,5.8,3.26,2.67,9,8,BOT,T2_BOT_C3,S5,47.39,12,85,4.3,43.90039771,4.036697248,14.58715596,5.417306481,2.079510703,3.623853211,19.63495408,5,23.43,23.07
PUK_2_BOT_3_S6,PUK,2,5.8,3.26,2.67,9,8,BOT,T2_BOT_C3,S6,47.39,12,85,1.6,25.84561326,2.996941896,11.74311927,4.537871522,1.941896024,3.348623853,19.63495408,5,23.43,23.07
PUK_2_BOT_3_S7,PUK,2,5.8,3.26,2.67,9,8,BOT,T2_BOT_C3,S7,47.39,12,85,1.4,46.05501843,4.268292683,14.11585366,5.302213322,2.195121951,3.277439024,19.63495408,5,23.43,23.07
PUK_2_BOT_3_S8,PUK,2,5.8,3.26,2.67,9,8,BOT,T2_BOT_C3,S8,47.39,12,85,4.1,47.04185542,4.187116564,14.86196319,5.773923238,2.193251534,3.665644172,19.63495408,5,23.43,23.07
PUK_2_BOT_3_S9,PUK,2,5.8,3.26,2.67,9,8,BOT,T2_BOT_C3,S9,47.39,12,85,4.5,44.55180661,4.801223242,12.62996942,4.979185534,1.926605505,3.409785933,19.63495408,5,23.43,23.07
PUK_2_MH_1_S1,PUK,2,5.8,3.26,2.67,9,8,MH,T2_MH_C1,S1,55.5,18,114,4,51.80032148,4.87804878,14.49695122,6.24664701,2.37804878,3.536585366,19.63495408,5,27.41,26.66
PUK_2_MH_1_S10,PUK,2,5.8,3.26,2.67,9,8,MH,T2_MH_C1,S10,55.5,18,114,4.5,56.24472299,4.832317073,15.33536585,6.063817193,2.195121951,3.673780488,19.63495408,5,27.41,26.66
PUK_2_MH_1_S2,PUK,2,5.8,3.26,2.67,9,8,MH,T2_MH_C1,S2,55.5,18,114,5.4,58.60936564,5.091463415,15.5945122,6.168751303,2.347560976,3.643292683,19.63495408,5,27.41,26.66
PUK_2_MH_1_S3,PUK,2,5.8,3.26,2.67,9,8,MH,T2_MH_C1,S3,55.5,18,114,4.8,48.19892679,4.363636364,14.46969697,5.863042783,2.166666667,3.590909091,19.63495408,5,27.41,26.66
PUK_2_MH_1_S4,PUK,2,5.8,3.26,2.67,9,8,MH,T2_MH_C1,S4,55.5,18,114,4.9,42.08386336,4.009146341,13.67378049,5.606922755,2.103658537,3.62804878,19.63495408,5,27.41,26.66
PUK_2_MH_1_S5,PUK,2,5.8,3.26,2.67,9,8,MH,T2_MH_C1,S5,55.5,18,114,4.2,44.77537276,3.920972644,14.69604863,5.681999883,2.142857143,3.708206687,19.63495408,5,27.41,26.66
PUK_2_MH_1_S6,PUK,2,5.8,3.26,2.67,9,8,MH,T2_MH_C1,S6,55.5,18,114,5,44.49318632,4.270516717,14.1337386,5.588008448,2.234042553,3.58662614,19.63495408,5,27.41,26.66
PUK_2_MH_1_S7,PUK,2,5.8,3.26,2.67,9,8,MH,T2_MH_C1,S7,55.5,18,114,4.2,54.70362531,5.183486239,14.55657492,5.616470475,2.262996942,3.516819572,19.63495408,5,27.41,26.66
PUK_2_MH_1_S8,PUK,2,5.8,3.26,2.67,9,8,MH,T2_MH_C1,S8,55.5,18,114,4.9,59.78851464,5.106060606,15.78787879,5.641373172,2.272727273,3.439393939,19.63495408,5,27.41,26.66
PUK_2_MH_1_S9,PUK,2,5.8,3.26,2.67,9,8,MH,T2_MH_C1,S9,55.5,18,114,1.8,40.58206062,4.161585366,13.1554878,5.267542833,2.088414634,3.62804878,19.63495408,5,27.41,26.66
PUK_2_MH_2_S1,PUK,2,5.8,3.26,2.67,9,8,MH,T2_MH_C2,S1,43.57,9,84,4.4,37.11460372,4.589665653,11.18541033,4.819382571,1.990881459,3.389057751,19.63495408,5,21.72,21.52
PUK_2_MH_2_S10,PUK,2,5.8,3.26,2.67,9,8,MH,T2_MH_C2,S10,43.57,9,84,3.3,40.83915925,4.181818182,13.18181818,4.91233877,2.045454545,3.409090909,19.63495408,5,21.72,21.52
PUK_2_MH_2_S2,PUK,2,5.8,3.26,2.67,9,8,MH,T2_MH_C2,S2,43.57,9,84,3.6,43.83085902,4.5,13.10606061,5.089899388,2.136363636,3.363636364,19.63495408,5,21.72,21.52
PUK_2_MH_2_S3,PUK,2,5.8,3.26,2.67,9,8,MH,T2_MH_C2,S3,43.57,9,84,4.1,41.82765424,4.194528875,13.54103343,5.165177121,2.203647416,3.465045593,19.63495408,5,21.72,21.52
PUK_2_MH_2_S4,PUK,2,5.8,3.26,2.67,9,8,MH,T2_MH_C2,S4,43.57,9,84,3.7,37.78261664,3.984848485,13,5.290135013,2.045454545,3.46969697,19.63495408,5,21.72,21.52
PUK_2_MH_2_S5,PUK,2,5.8,3.26,2.67,9,8,MH,T2_MH_C2,S5,43.57,9,84,4.2,40.16570812,4.589665653,12.27963526,5.010200641,2.036474164,3.343465046,19.63495408,5,21.72,21.52
PUK_2_MH_2_S6,PUK,2,5.8,3.26,2.67,9,8,MH,T2_MH_C2,S6,43.57,9,84,4,41.08147326,4.151515152,13.18181818,5.326959513,2.090909091,3.378787879,19.63495408,5,21.72,21.52
PUK_2_MH_2_S7,PUK,2,5.8,3.26,2.67,9,8,MH,T2_MH_C2,S7,43.57,9,84,4.1,44.62558289,4.285714286,13.93617021,4.869107582,1.914893617,3.434650456,19.63495408,5,21.72,21.52
PUK_2_MH_2_S8,PUK,2,5.8,3.26,2.67,9,8,MH,T2_MH_C2,S8,43.57,9,84,4.4,42.38644786,4.363636364,12.66666667,5.197279506,2.196969697,3.287878788,19.63495408,5,21.72,21.52
PUK_2_MH_2_S9,PUK,2,5.8,3.26,2.67,9,8,MH,T2_MH_C2,S9,43.57,9,84,4.2,44.45586959,4.255319149,14.02735562,4.847368566,1.945288754,3.434650456,19.63495408,5,21.72,21.52
PUK_2_MH_3_S1,PUK,2,5.8,3.26,2.67,9,8,MH,T2_MH_C3,S1,46.43,7,87,3.7,45.63984488,4.546827795,13.29305136,5.194864408,2.145015106,3.141993958,19.63495408,5,23.07,22.01
PUK_2_MH_3_S10,PUK,2,5.8,3.26,2.67,9,8,MH,T2_MH_C3,S10,46.43,7,87,4,34.55070703,3.696969697,13.01515152,4.873068282,1.848484848,3.636363636,19.63495408,5,23.07,22.01
PUK_2_MH_3_S2,PUK,2,5.8,3.26,2.67,9,8,MH,T2_MH_C3,S2,46.43,7,87,3.3,36.83244665,4.224924012,11.82370821,4.685876723,2.021276596,3.252279635,19.63495408,5,23.07,22.01
PUK_2_MH_3_S3,PUK,2,5.8,3.26,2.67,9,8,MH,T2_MH_C3,S3,46.43,7,87,3.5,49.17880756,4.481707317,14.46646341,5.214052503,2.027439024,3.414634146,19.63495408,5,23.07,22.01
PUK_2_MH_3_S4,PUK,2,5.8,3.26,2.67,9,8,MH,T2_MH_C3,S4,46.43,7,87,4.6,43.74488533,4.969604863,12.75075988,4.795109784,1.990881459,3.404255319,19.63495408,5,23.07,22.01
PUK_2_MH_3_S5,PUK,2,5.8,3.26,2.67,9,8,MH,T2_MH_C3,S5,46.43,7,87,3.4,42.0160108,4.439393939,13.07575758,4.260073575,1.787878788,3.333333333,19.63495408,5,23.07,22.01
PUK_2_MH_3_S6,PUK,2,5.8,3.26,2.67,9,8,MH,T2_MH_C3,S6,46.43,7,87,3.7,39.36274537,4.181818182,12.51515152,4.015037893,1.757575758,3.151515152,19.63495408,5,23.07,22.01
PUK_2_MH_3_S7,PUK,2,5.8,3.26,2.67,9,8,MH,T2_MH_C3,S7,46.43,7,87,3.8,25.38135779,3.151515152,11.10606061,4.756321591,1.984848485,3.424242424,19.63495408,5,23.07,22.01
PUK_2_MH_3_S8,PUK,2,5.8,3.26,2.67,9,8,MH,T2_MH_C3,S8,46.43,7,87,3,41.11875025,4.348484848,12.90909091,5.179955318,2.212121212,3.378787879,19.63495408,5,23.07,22.01
PUK_2_MH_3_S9,PUK,2,5.8,3.26,2.67,9,8,MH,T2_MH_C3,S9,46.43,7,87,3.7,43.81798371,3.912386707,14.56193353,5.055218612,2.009063444,3.383685801,19.63495408,5,23.07,22.01
PUK_2_TOP_1_S1,PUK,2,5.8,3.26,2.67,9,8,TOP,T2_TOP_C1,S1,49.62,10,105,4.2,28.77409361,3.383685801,11.64652568,4.527817118,1.827794562,3.383685801,19.63495408,5,24.33,23.89
PUK_2_TOP_1_S10,PUK,2,5.8,3.26,2.67,9,8,TOP,T2_TOP_C1,S10,49.62,10,105,3.2,39.72475343,3.632218845,14.39209726,5.38793824,2.082066869,3.571428571,19.63495408,5,24.33,23.89
PUK_2_TOP_1_S2,PUK,2,5.8,3.26,2.67,9,8,TOP,T2_TOP_C1,S2,49.62,10,105,4.2,39.57101914,3.954545455,13.74242424,5.093469529,2,3.606060606,19.63495408,5,24.33,23.89
PUK_2_TOP_1_S3,PUK,2,5.8,3.26,2.67,9,8,TOP,T2_TOP_C1,S3,49.62,10,105,3.8,41.18069076,4.331306991,13.23708207,4.628258771,1.975683891,3.267477204,19.63495408,5,24.33,23.89
PUK_2_TOP_1_S4,PUK,2,5.8,3.26,2.67,9,8,TOP,T2_TOP_C1,S4,49.62,10,105,3.7,49.26049858,4.665653495,14.24012158,5.564161791,2.112462006,3.556231003,19.63495408,5,24.33,23.89
PUK_2_TOP_1_S5,PUK,2,5.8,3.26,2.67,9,8,TOP,T2_TOP_C1,S5,49.62,10,105,4.6,41.37813083,4.515151515,12.53030303,4.907823395,1.909090909,3.409090909,19.63495408,5,24.33,23.89
PUK_2_TOP_1_S6,PUK,2,5.8,3.26,2.67,9,8,TOP,T2_TOP_C1,S6,49.62,10,105,3.7,38.67675344,4,12.75757576,4.772459336,1.924242424,3.378787879,19.63495408,5,24.33,23.89
PUK_2_TOP_1_S7,PUK,2,5.8,3.26,2.67,9,8,TOP,T2_TOP_C1,S7,49.62,10,105,3.5,45.33483315,4.439393939,13.93939394,5.199717935,2.227272727,3.287878788,19.63495408,5,24.33,23.89
PUK_2_TOP_1_S8,PUK,2,5.8,3.26,2.67,9,8,TOP,T2_TOP_C1,S8,49.62,10,105,4.5,39.74203999,3.909090909,13.57575758,5.131568698,2.090909091,3.454545455,19.63495408,5,24.33,23.89
PUK_2_TOP_1_S9,PUK,2,5.8,3.26,2.67,9,8,TOP,T2_TOP_C1,S9,49.62,10,105,3.7,45.79836532,4.484848485,13.6969697,5.08142092,2.121212121,3.424242424,19.63495408,5,24.33,23.89
PUK_2_TOP_2_S1,PUK,2,5.8,3.26,2.67,9,8,TOP,T2_TOP_C2,S1,50.18,5,103,4.3,41.76022098,4.189602446,13.51681957,5.049794558,1.972477064,3.547400612,19.63495408,5,25.17,24.42
PUK_2_TOP_2_S10,PUK,2,5.8,3.26,2.67,9,8,TOP,T2_TOP_C2,S10,50.18,5,103,4,50.54213003,5.152439024,13.50609756,5.000403733,1.829268293,3.536585366,19.63495408,5,25.17,24.42
PUK_2_TOP_2_S11,PUK,2,5.8,3.26,2.67,9,8,TOP,T2_TOP_C2,S11,50.18,5,103,0,18.62209755,2.629969419,8.975535168,4.496630206,2.033639144,3.195718654,19.63495408,5,25.17,24.42
PUK_2_TOP_2_S2,PUK,2,5.8,3.26,2.67,9,8,TOP,T2_TOP_C2,S2,50.18,5,103,4.4,46.90227311,4.452887538,14.4224924,5.701212592,2.234042553,3.601823708,19.63495408,5,25.17,24.42
PUK_2_TOP_2_S3,PUK,2,5.8,3.26,2.67,9,8,TOP,T2_TOP_C2,S3,50.18,5,103,3.7,48.4159594,5.060790274,13.86018237,5.124160048,1.990881459,3.556231003,19.63495408,5,25.17,24.42
PUK_2_TOP_2_S4,PUK,2,5.8,3.26,2.67,9,8,TOP,T2_TOP_C2,S4,50.18,5,103,3.6,45.17616841,4.618902439,13.81097561,4.9847259,1.966463415,3.506097561,19.63495408,5,25.17,24.42
PUK_2_TOP_2_S5,PUK,2,5.8,3.26,2.67,9,8,TOP,T2_TOP_C2,S5,50.18,5,103,4.4,54.45429419,4.878419453,14.57446809,5.82190771,2.234042553,3.541033435,19.63495408,5,25.17,24.42
PUK_2_TOP_2_S6,PUK,2,5.8,3.26,2.67,9,8,TOP,T2_TOP_C2,S6,50.18,5,103,4,43.04785478,4.329268293,13.30792683,5.634750437,2.164634146,3.68902439,19.63495408,5,25.17,24.42
PUK_2_TOP_2_S7,PUK,2,5.8,3.26,2.67,9,8,TOP,T2_TOP_C2,S7,50.18,5,103,4.1,49.86595302,4.847560976,14.07012195,5.086766105,2.027439024,3.643292683,19.63495408,5,25.17,24.42
PUK_2_TOP_2_S8,PUK,2,5.8,3.26,2.67,9,8,TOP,T2_TOP_C2,S8,50.18,5,103,4,43.46725877,4.740061162,12.90519878,5.249982778,2.064220183,3.394495413,19.63495408,5,25.17,24.42
PUK_2_TOP_2_S9,PUK,2,5.8,3.26,2.67,9,8,TOP,T2_TOP_C2,S9,50.18,5,103,4.4,47.21420587,4.375,14.49695122,5.60241868,2.195121951,3.506097561,19.63495408,5,25.17,24.42
PUK_2_TOP_3_S1,PUK,2,5.8,3.26,2.67,9,8,TOP,T2_TOP_C3,S1,40.83,14,80,3.4,41.90067515,4.327217125,13.22629969,4.83182359,2.003058104,3.363914373,19.63495408,5,20.8,20.59
PUK_2_TOP_3_S10,PUK,2,5.8,3.26,2.67,9,8,TOP,T2_TOP_C3,S10,40.83,14,80,3.5,38.06507789,3.981762918,12.94832827,5.008296035,2.036474164,3.343465046,19.63495408,5,20.8,20.59
PUK_2_TOP_3_S2,PUK,2,5.8,3.26,2.67,9,8,TOP,T2_TOP_C3,S2,40.83,14,80,3.4,39.50012106,4.31402439,12.5,4.622408364,1.966463415,3.262195122,19.63495408,5,20.8,20.59
PUK_2_TOP_3_S3,PUK,2,5.8,3.26,2.67,9,8,TOP,T2_TOP_C3,S3,40.83,14,80,3.8,39.65608193,4.361702128,12.32522796,4.99237878,1.945288754,3.449848024,19.63495408,5,20.8,20.59
PUK_2_TOP_3_S4,PUK,2,5.8,3.26,2.67,9,8,TOP,T2_TOP_C3,S4,40.83,14,80,3.7,35.69158947,4.036697248,12.29357798,4.968242237,2.110091743,3.318042813,19.63495408,5,20.8,20.59
PUK_2_TOP_3_S5,PUK,2,5.8,3.26,2.67,9,8,TOP,T2_TOP_C3,S5,40.83,14,80,3.6,38.64269586,4.133738602,12.59878419,4.738142313,1.899696049,3.343465046,19.63495408,5,20.8,20.59
PUK_2_TOP_3_S6,PUK,2,5.8,3.26,2.67,9,8,TOP,T2_TOP_C3,S6,40.83,14,80,3.8,40.5709558,4.483282675,12.38601824,4.868109557,1.975683891,3.358662614,19.63495408,5,20.8,20.59
PUK_2_TOP_3_S7,PUK,2,5.8,3.26,2.67,9,8,TOP,T2_TOP_C3,S7,40.83,14,80,3.6,37.04380198,3.780487805,12.89634146,4.725654624,1.81402439,3.582317073,19.63495408,5,20.8,20.59
PUK_2_TOP_3_S8,PUK,2,5.8,3.26,2.67,9,8,TOP,T2_TOP_C3,S8,40.83,14,80,3.4,36.13787291,3.856707317,12.25609756,4.796030081,1.875,3.475609756,19.63495408,5,20.8,20.59
PUK_2_TOP_3_S9,PUK,2,5.8,3.26,2.67,9,8,TOP,T2_TOP_C3,S9,40.83,14,80,3.5,37.60325194,4.054878049,12.5152439,4.94492996,2.149390244,3.368902439,19.63495408,5,20.8,20.59
PUK_3_BOT_1_S1,PUK,3,6.56,3.6,2.5,10.3,9,BOT,T3_BOT_C1,S1,42.78,10,48,4.7,33.83537767,3.902439024,12.5,6.179065798,2.149390244,3.887195122,19.63495408,5,20.96,19.5
PUK_3_BOT_1_S10,PUK,3,6.56,3.6,2.5,10.3,9,BOT,T3_BOT_C1,S10,42.78,10,48,4.8,33.83082321,3.860182371,12.72036474,6.348283162,2.310030395,3.799392097,19.63495408,5,20.96,19.5
PUK_3_BOT_1_S2,PUK,3,6.56,3.6,2.5,10.3,9,BOT,T3_BOT_C1,S2,42.78,10,48,6.4,48.47010287,4.376899696,15.22796353,7.213496645,2.142857143,4.468085106,19.63495408,5,20.96,19.5
PUK_3_BOT_1_S3,PUK,3,6.56,3.6,2.5,10.3,9,BOT,T3_BOT_C1,S3,42.78,10,48,5,36.98925722,3.932926829,13.07926829,6.431440304,2.37804878,3.826219512,19.63495408,5,20.96,19.5
PUK_3_BOT_1_S4,PUK,3,6.56,3.6,2.5,10.3,9,BOT,T3_BOT_C1,S4,42.78,10,48,5.9,42.18010284,4.451219512,13.49085366,6.001499819,2.012195122,3.978658537,19.63495408,5,20.96,19.5
PUK_3_BOT_1_S5,PUK,3,6.56,3.6,2.5,10.3,9,BOT,T3_BOT_C1,S5,42.78,10,48,5.2,39.28144538,3.981762918,13.60182371,5.912130039,1.990881459,3.951367781,19.63495408,5,20.96,19.5
PUK_3_BOT_1_S6,PUK,3,6.56,3.6,2.5,10.3,9,BOT,T3_BOT_C1,S6,42.78,10,48,5.3,38.64317714,4.207317073,12.68292683,6.550297933,2.271341463,3.856707317,19.63495408,5,20.96,19.5
PUK_3_BOT_1_S7,PUK,3,6.56,3.6,2.5,10.3,9,BOT,T3_BOT_C1,S7,42.78,10,48,6.2,44.05182544,4.176829268,14.89329268,6.975457306,2.195121951,4.420731707,19.63495408,5,20.96,19.5
PUK_3_BOT_1_S8,PUK,3,6.56,3.6,2.5,10.3,9,BOT,T3_BOT_C1,S8,42.78,10,48,1.8,39.25355051,4.088145897,13.69300912,6.32212115,2.051671733,4.209726444,19.63495408,5,20.96,19.5
PUK_3_BOT_1_S9,PUK,3,6.56,3.6,2.5,10.3,9,BOT,T3_BOT_C1,S9,42.78,10,48,5.2,32.23266281,3.419452888,12.49240122,6.717779175,2.325227964,3.920972644,19.63495408,5,20.96,19.5
PUK_3_BOT_2_S1,PUK,3,6.56,3.6,2.5,10.3,9,BOT,T3_BOT_C2,S1,54.3,25,78,5.7,46.75172325,4.498480243,14.57446809,6.771818094,2.401215805,4.012158055,19.63495408,5,23.86,22.29
PUK_3_BOT_2_S10,PUK,3,6.56,3.6,2.5,10.3,9,BOT,T3_BOT_C2,S10,54.3,25,78,6.4,62.7336403,5.411585366,16.70731707,7.129409056,2.256097561,4.43597561,19.63495408,5,23.86,22.29
PUK_3_BOT_2_S2,PUK,3,6.56,3.6,2.5,10.3,9,BOT,T3_BOT_C2,S2,54.3,25,78,6.2,57.06799794,4.984802432,16.04863222,6.822704648,2.218844985,4.255319149,19.63495408,5,23.86,22.29
PUK_3_BOT_2_S3,PUK,3,6.56,3.6,2.5,10.3,9,BOT,T3_BOT_C2,S3,54.3,25,78,6.2,55.46812332,4.606060606,16.27272727,7.36575692,2.242424242,4.46969697,19.63495408,5,23.86,22.29
PUK_3_BOT_2_S4,PUK,3,6.56,3.6,2.5,10.3,9,BOT,T3_BOT_C2,S4,54.3,25,78,5.1,46.32381156,4.300911854,14.81762918,6.386941135,2.127659574,4.179331307,19.63495408,5,23.86,22.29
PUK_3_BOT_2_S5,PUK,3,6.56,3.6,2.5,10.3,9,BOT,T3_BOT_C2,S5,54.3,25,78,5.2,31.72690669,3.292682927,12.78963415,6.009587465,2.073170732,4.009146341,19.63495408,5,23.86,22.29
PUK_3_BOT_2_S6,PUK,3,6.56,3.6,2.5,10.3,9,BOT,T3_BOT_C2,S6,54.3,25,78,5.6,51.46899273,4.802431611,15.24316109,7.17431901,2.3556231,4.300911854,19.63495408,5,23.86,22.29
PUK_3_BOT_2_S7,PUK,3,6.56,3.6,2.5,10.3,9,BOT,T3_BOT_C2,S7,54.3,25,78,5.3,31.52917184,3.582317073,12.68292683,6.025905271,2.149390244,3.993902439,19.63495408,5,23.86,22.29
PUK_3_BOT_2_S8,PUK,3,6.56,3.6,2.5,10.3,9,BOT,T3_BOT_C2,S8,54.3,25,78,5.9,53.51174865,5.060790274,14.65045593,6.675075653,2.112462006,4.346504559,19.63495408,5,23.86,22.29
PUK_3_BOT_2_S9,PUK,3,6.56,3.6,2.5,10.3,9,BOT,T3_BOT_C2,S9,54.3,25,78,6.6,57.95180345,5.579268293,16.18902439,6.862208426,2.332317073,4.542682927,19.63495408,5,23.86,22.29
PUK_3_BOT_3_S1,PUK,3,6.56,3.6,2.5,10.3,9,BOT,T3_BOT_C3,S1,48.56,18,77,4.5,41.56496881,4.192073171,14.05487805,5.713511293,1.99695122,3.963414634,19.63495408,5,21.73,21.1
PUK_3_BOT_3_S10,PUK,3,6.56,3.6,2.5,10.3,9,BOT,T3_BOT_C3,S10,48.56,18,77,4.7,44.37082827,4.331306991,14.04255319,5.58212162,1.899696049,3.996960486,19.63495408,5,21.73,21.1
PUK_3_BOT_3_S2,PUK,3,6.56,3.6,2.5,10.3,9,BOT,T3_BOT_C3,S2,48.56,18,77,5,47.0070652,4.515151515,14.03030303,5.855724118,2.03030303,4.121212121,19.63495408,5,21.73,21.1
PUK_3_BOT_3_S3,PUK,3,6.56,3.6,2.5,10.3,9,BOT,T3_BOT_C3,S3,48.56,18,77,4,37.69218334,4.318181818,12.37878788,5.245699891,1.954545455,3.651515152,19.63495408,5,21.73,21.1
PUK_3_BOT_3_S4,PUK,3,6.56,3.6,2.5,10.3,9,BOT,T3_BOT_C3,S4,48.56,18,77,5.1,46.57951471,4.847560976,14.03963415,5.900356281,2.057926829,4.009146341,19.63495408,5,21.73,21.1
PUK_3_BOT_3_S5,PUK,3,6.56,3.6,2.5,10.3,9,BOT,T3_BOT_C3,S5,48.56,18,77,1.7,34.47297383,3.475609756,13.18597561,6.35102967,2.179878049,4.039634146,19.63495408,5,21.73,21.1
PUK_3_BOT_3_S6,PUK,3,6.56,3.6,2.5,10.3,9,BOT,T3_BOT_C3,S6,48.56,18,77,4.7,45.34178088,4.43597561,14.03963415,5.701541014,1.966463415,3.978658537,19.63495408,5,21.73,21.1
PUK_3_BOT_3_S7,PUK,3,6.56,3.6,2.5,10.3,9,BOT,T3_BOT_C3,S7,48.56,18,77,4.4,43.63522796,4.483282675,14.01215805,5.857518247,2.066869301,3.875379939,19.63495408,5,21.73,21.1
PUK_3_BOT_3_S8,PUK,3,6.56,3.6,2.5,10.3,9,BOT,T3_BOT_C3,S8,48.56,18,77,5.1,42.54466506,4.498480243,13.556231,5.832383471,2.142857143,3.936170213,19.63495408,5,21.73,21.1
PUK_3_BOT_3_S9,PUK,3,6.56,3.6,2.5,10.3,9,BOT,T3_BOT_C3,S9,48.56,18,77,4.1,37.19811944,4.207317073,12.14939024,5.32775392,1.966463415,3.68902439,19.63495408,5,21.73,21.1
PUK_3_MH_1_S1,PUK,3,6.56,3.6,2.5,10.3,9,MH,T3_MH_C1,S1,53.83,10,117,4.5,52.78268098,4.481707317,15.96036585,5.287275382,1.966463415,3.68902439,19.63495408,5,26.28,25.97
PUK_3_MH_1_S10,PUK,3,6.56,3.6,2.5,10.3,9,MH,T3_MH_C1,S10,53.83,10,117,4.3,50.62156729,4.390243902,15.41158537,5.592667644,2.210365854,3.612804878,19.63495408,5,26.28,25.97
PUK_3_MH_1_S2,PUK,3,6.56,3.6,2.5,10.3,9,MH,T3_MH_C1,S2,53.83,10,117,3.7,39.34323161,3.841463415,14.28353659,5.249218358,2.027439024,3.597560976,19.63495408,5,26.28,25.97
PUK_3_MH_1_S3,PUK,3,6.56,3.6,2.5,10.3,9,MH,T3_MH_C1,S3,53.83,10,117,4.8,53.24640198,4.43768997,16.1550152,6.042784997,2.158054711,3.829787234,19.63495408,5,26.28,25.97
PUK_3_MH_1_S4,PUK,3,6.56,3.6,2.5,10.3,9,MH,T3_MH_C1,S4,53.83,10,117,4.8,47.34149308,4.862804878,13.50609756,5.230307811,2.073170732,3.414634146,19.63495408,5,26.28,25.97
PUK_3_MH_1_S5,PUK,3,6.56,3.6,2.5,10.3,9,MH,T3_MH_C1,S5,53.83,10,117,3.8,37.79024417,4.513677812,11.93009119,4.837620827,2.066869301,3.130699088,19.63495408,5,26.28,25.97
PUK_3_MH_1_S6,PUK,3,6.56,3.6,2.5,10.3,9,MH,T3_MH_C1,S6,53.83,10,117,4.4,51.21323183,5.030487805,14.3445122,5.145961661,2.027439024,3.62804878,19.63495408,5,26.28,25.97
PUK_3_MH_1_S7,PUK,3,6.56,3.6,2.5,10.3,9,MH,T3_MH_C1,S7,53.83,10,117,4.7,55.18788427,4.574468085,15.94224924,5.743518766,2.112462006,3.67781155,19.63495408,5,26.28,25.97
PUK_3_MH_1_S8,PUK,3,6.56,3.6,2.5,10.3,9,MH,T3_MH_C1,S8,53.83,10,117,3.9,36.44362283,3.67781155,13.60182371,5.289421853,2.006079027,3.571428571,19.63495408,5,26.28,25.97
PUK_3_MH_1_S9,PUK,3,6.56,3.6,2.5,10.3,9,MH,T3_MH_C1,S9,53.83,10,117,5.1,53.33591506,4.43597561,15.79268293,5.83639684,2.271341463,3.551829268,19.63495408,5,26.28,25.97
PUK_3_MH_2_S1,PUK,3,6.56,3.6,2.5,10.3,9,MH,T3_MH_C2,S1,45.11,9,87,3.7,40.93555192,3.978658537,13.88719512,5.022178797,2.088414634,3.475609756,19.63495408,5,22.96,22.31
PUK_3_MH_2_S10,PUK,3,6.56,3.6,2.5,10.3,9,MH,T3_MH_C2,S10,45.11,9,87,4.1,44.65720232,4.344512195,13.87195122,5.210990244,2.179878049,3.521341463,19.63495408,5,22.96,22.31
PUK_3_MH_2_S2,PUK,3,6.56,3.6,2.5,10.3,9,MH,T3_MH_C2,S2,45.11,9,87,3.5,30.83738365,3.445121951,12.24085366,4.863666102,1.966463415,3.414634146,19.63495408,5,22.96,22.31
PUK_3_MH_2_S3,PUK,3,6.56,3.6,2.5,10.3,9,MH,T3_MH_C2,S3,45.11,9,87,4.3,43.75563492,4.575757576,13.18181818,4.712526713,1.803030303,3.272727273,19.63495408,5,22.96,22.31
PUK_3_MH_2_S4,PUK,3,6.56,3.6,2.5,10.3,9,MH,T3_MH_C2,S4,45.11,9,87,3.8,39.87984661,3.993902439,13.93292683,4.973645178,2.042682927,3.414634146,19.63495408,5,22.96,22.31
PUK_3_MH_2_S5,PUK,3,6.56,3.6,2.5,10.3,9,MH,T3_MH_C2,S5,45.11,9,87,4.1,44.39964478,4.422492401,13.99696049,5.02810975,2.082066869,3.343465046,19.63495408,5,22.96,22.31
PUK_3_MH_2_S6,PUK,3,6.56,3.6,2.5,10.3,9,MH,T3_MH_C2,S6,45.11,9,87,4.1,42.54478079,4.100609756,13.94817073,5.456047894,2.286585366,3.429878049,19.63495408,5,22.96,22.31
PUK_3_MH_2_S7,PUK,3,6.56,3.6,2.5,10.3,9,MH,T3_MH_C2,S7,45.11,9,87,3.4,22.27345581,2.850609756,10.50304878,4.243232843,1.93597561,3.06402439,19.63495408,5,22.96,22.31
PUK_3_MH_2_S8,PUK,3,6.56,3.6,2.5,10.3,9,MH,T3_MH_C2,S8,45.11,9,87,3.6,28.85464699,3.313069909,12.12765957,4.947202926,1.930091185,3.495440729,19.63495408,5,22.96,22.31
PUK_3_MH_2_S9,PUK,3,6.56,3.6,2.5,10.3,9,MH,T3_MH_C2,S9,45.11,9,87,4.2,37.24066167,3.353658537,13.91768293,5.2365718,1.920731707,3.62804878,19.63495408,5,22.96,22.31
PUK_3_MH_3_S1,PUK,3,6.56,3.6,2.5,10.3,9,MH,T3_MH_C3,S1,47.7,15,90,4.1,45.69596011,4.878419453,12.65957447,5.348290971,2.097264438,3.313069909,19.63495408,5,22.88,22.58
PUK_3_MH_3_S10,PUK,3,6.56,3.6,2.5,10.3,9,MH,T3_MH_C3,S10,47.7,15,90,4,45.23225237,4.209726444,14.80243161,5.274195202,2.188449848,3.389057751,19.63495408,5,22.88,22.58
PUK_3_MH_3_S2,PUK,3,6.56,3.6,2.5,10.3,9,MH,T3_MH_C3,S2,47.7,15,90,4.1,45.87591908,4.679878049,13.84146341,5.107342045,2.179878049,3.399390244,19.63495408,5,22.88,22.58
PUK_3_MH_3_S3,PUK,3,6.56,3.6,2.5,10.3,9,MH,T3_MH_C3,S3,47.7,15,90,4.4,42.52713599,4.220183486,13.74617737,4.957704213,1.972477064,3.516819572,19.63495408,5,22.88,22.58
PUK_3_MH_3_S4,PUK,3,6.56,3.6,2.5,10.3,9,MH,T3_MH_C3,S4,47.7,15,90,4.3,48.40034135,4.255319149,14.75683891,5.339608241,2.097264438,3.495440729,19.63495408,5,22.88,22.58
PUK_3_MH_3_S5,PUK,3,6.56,3.6,2.5,10.3,9,MH,T3_MH_C3,S5,47.7,15,90,4.2,47.78897791,4.679878049,14.14634146,5.504145556,2.225609756,3.429878049,19.63495408,5,22.88,22.58
PUK_3_MH_3_S6,PUK,3,6.56,3.6,2.5,10.3,9,MH,T3_MH_C3,S6,47.7,15,90,3.8,31.01766985,3.536585366,12.43902439,4.746334194,1.99695122,3.353658537,19.63495408,5,22.88,22.58
PUK_3_MH_3_S7,PUK,3,6.56,3.6,2.5,10.3,9,MH,T3_MH_C3,S7,47.7,15,90,3.9,41.10196024,3.905775076,14.28571429,5.03797041,2.036474164,3.449848024,19.63495408,5,22.88,22.58
PUK_3_MH_3_S8,PUK,3,6.56,3.6,2.5,10.3,9,MH,T3_MH_C3,S8,47.7,15,90,4.7,47.54777616,4.49695122,14.3445122,5.275820967,2.073170732,3.460365854,19.63495408,5,22.88,22.58
PUK_3_MH_3_S9,PUK,3,6.56,3.6,2.5,10.3,9,MH,T3_MH_C3,S9,47.7,15,90,4.3,49.82506814,4.848024316,13.5106383,5.159062841,2.203647416,3.313069909,19.63495408,5,22.88,22.58
PUK_3_TOP_1_S1,PUK,3,6.56,3.6,2.5,10.3,9,TOP,T3_TOP_C1,S1,49.03,13,88,4.1,38.98527687,4.331306991,12.96352584,5.510471199,2.036474164,3.829787234,19.63495408,5,21.24,19.81
PUK_3_TOP_1_S10,PUK,3,6.56,3.6,2.5,10.3,9,TOP,T3_TOP_C1,S10,49.03,13,88,4,38.61318835,4.224924012,12.87234043,5.252605596,2.066869301,3.784194529,19.63495408,5,21.24,19.81
PUK_3_TOP_1_S2,PUK,3,6.56,3.6,2.5,10.3,9,TOP,T3_TOP_C1,S2,49.03,13,88,4.4,35.89096587,3.951367781,12.72036474,5.821232403,2.021276596,3.96656535,19.63495408,5,21.24,19.81
PUK_3_TOP_1_S3,PUK,3,6.56,3.6,2.5,10.3,9,TOP,T3_TOP_C1,S3,49.03,13,88,4.7,43.30120428,4.695121951,13.125,5.53785143,1.966463415,3.795731707,19.63495408,5,21.24,19.81
PUK_3_TOP_1_S4,PUK,3,6.56,3.6,2.5,10.3,9,TOP,T3_TOP_C1,S4,49.03,13,88,3.8,42.16189066,4.513677812,13.29787234,5.285251908,1.899696049,3.96656535,19.63495408,5,21.24,19.81
PUK_3_TOP_1_S5,PUK,3,6.56,3.6,2.5,10.3,9,TOP,T3_TOP_C1,S5,49.03,13,88,4.6,37.35186735,4.118541033,13.19148936,5.782949562,2.036474164,3.936170213,19.63495408,5,21.24,19.81
PUK_3_TOP_1_S6,PUK,3,6.56,3.6,2.5,10.3,9,TOP,T3_TOP_C1,S6,49.03,13,88,4,40.2509515,4.329268293,13.03353659,5.649544016,2.057926829,3.902439024,19.63495408,5,21.24,19.81
PUK_3_TOP_1_S7,PUK,3,6.56,3.6,2.5,10.3,9,TOP,T3_TOP_C1,S7,49.03,13,88,4,39.87029176,4.559270517,13.2218845,5.701922156,1.945288754,4.05775076,19.63495408,5,21.24,19.81
PUK_3_TOP_1_S8,PUK,3,6.56,3.6,2.5,10.3,9,TOP,T3_TOP_C1,S8,49.03,13,88,5,39.12750606,4.375,12.57621951,5.800818833,2.103658537,3.826219512,19.63495408,5,21.24,19.81
PUK_3_TOP_1_S9,PUK,3,6.56,3.6,2.5,10.3,9,TOP,T3_TOP_C1,S9,49.03,13,88,4.2,37.4408937,4.176829268,12.22560976,5.474834625,2.057926829,3.87195122,19.63495408,5,21.24,19.81
PUK_3_TOP_2_S1,PUK,3,6.56,3.6,2.5,10.3,9,TOP,T3_TOP_C2,S1,49.08,17,67,4.2,44.1262468,4.300911854,14.22492401,5.758909411,2.142857143,3.829787234,19.63495408,5,21.71,21.65
PUK_3_TOP_2_S10,PUK,3,6.56,3.6,2.5,10.3,9,TOP,T3_TOP_C2,S10,49.08,17,67,3.8,38.51919601,4.143730887,13.77675841,5.160769932,1.819571865,3.975535168,19.63495408,5,21.71,21.65
PUK_3_TOP_2_S2,PUK,3,6.56,3.6,2.5,10.3,9,TOP,T3_TOP_C2,S2,49.08,17,67,4.2,30.95246006,3.510638298,12.26443769,5.356965173,1.854103343,3.936170213,19.63495408,5,21.71,21.65
PUK_3_TOP_2_S3,PUK,3,6.56,3.6,2.5,10.3,9,TOP,T3_TOP_C2,S3,49.08,17,67,1.5,32.90632472,3.612804878,12.69817073,5.565971857,2.012195122,3.719512195,19.63495408,5,21.71,21.65
PUK_3_TOP_2_S4,PUK,3,6.56,3.6,2.5,10.3,9,TOP,T3_TOP_C2,S4,49.08,17,67,3.7,38.77411102,4.009146341,13.58231707,6.172847904,2.118902439,4.146341463,19.63495408,5,21.71,21.65
PUK_3_TOP_2_S5,PUK,3,6.56,3.6,2.5,10.3,9,TOP,T3_TOP_C2,S5,49.08,17,67,3.9,42.51136407,4.235474006,14.22018349,5.844580076,2.033639144,4.036697248,19.63495408,5,21.71,21.65
PUK_3_TOP_2_S6,PUK,3,6.56,3.6,2.5,10.3,9,TOP,T3_TOP_C2,S6,49.08,17,67,4.1,38.94872195,3.996960486,13.8449848,5.482729381,2.097264438,3.753799392,19.63495408,5,21.71,21.65
PUK_3_TOP_2_S7,PUK,3,6.56,3.6,2.5,10.3,9,TOP,T3_TOP_C2,S7,49.08,17,67,3.8,41.49593112,4.346504559,13.66261398,5.632484624,1.945288754,4.133738602,19.63495408,5,21.71,21.65
PUK_3_TOP_2_S8,PUK,3,6.56,3.6,2.5,10.3,9,TOP,T3_TOP_C2,S8,49.08,17,67,3.7,42.33432564,4.405487805,13.35365854,5.599427776,1.981707317,3.87195122,19.63495408,5,21.71,21.65
PUK_3_TOP_2_S9,PUK,3,6.56,3.6,2.5,10.3,9,TOP,T3_TOP_C2,S9,49.08,17,67,1.5,41.53028513,4.115853659,14.22256098,5.93095857,2.073170732,4.070121951,19.63495408,5,21.71,21.65
PUK_3_TOP_3_S1,PUK,3,6.56,3.6,2.5,10.3,9,TOP,T3_TOP_C3,S1,49.62,17,76,3.6,39.44617527,4.361702128,12.9331307,5.638930197,2.006079027,3.784194529,19.63495408,5,21.15,20.08
PUK_3_TOP_3_S10,PUK,3,6.56,3.6,2.5,10.3,9,TOP,T3_TOP_C3,S10,49.62,17,76,3.8,39.16344444,4.376899696,12.27963526,5.643730025,1.975683891,3.860182371,19.63495408,5,21.15,20.08
PUK_3_TOP_3_S2,PUK,3,6.56,3.6,2.5,10.3,9,TOP,T3_TOP_C3,S2,49.62,17,76,3.8,31.78589464,4.192073171,11.14329268,5.335117745,2.057926829,3.673780488,19.63495408,5,21.15,20.08
PUK_3_TOP_3_S3,PUK,3,6.56,3.6,2.5,10.3,9,TOP,T3_TOP_C3,S3,49.62,17,76,3.5,34.12403057,4.176829268,11.50914634,5.749714101,2.057926829,3.765243902,19.63495408,5,21.15,20.08
PUK_3_TOP_3_S4,PUK,3,6.56,3.6,2.5,10.3,9,TOP,T3_TOP_C3,S4,49.62,17,76,3.7,39.48796932,4.240121581,12.94832827,4.973453814,1.854103343,3.784194529,19.63495408,5,21.15,20.08
PUK_3_TOP_3_S5,PUK,3,6.56,3.6,2.5,10.3,9,TOP,T3_TOP_C3,S5,49.62,17,76,3.4,40.09889249,4.346504559,12.55319149,5.323691226,1.899696049,3.890577508,19.63495408,5,21.15,20.08
PUK_3_TOP_3_S6,PUK,3,6.56,3.6,2.5,10.3,9,TOP,T3_TOP_C3,S6,49.62,17,76,3.4,38.13311858,4.131097561,13.1402439,5.245906261,1.905487805,3.841463415,19.63495408,5,21.15,20.08
PUK_3_TOP_3_S7,PUK,3,6.56,3.6,2.5,10.3,9,TOP,T3_TOP_C3,S7,49.62,17,76,3.5,37.87244613,4.344512195,12.80487805,5.509194243,2.057926829,3.75,19.63495408,5,21.15,20.08
PUK_3_TOP_3_S8,PUK,3,6.56,3.6,2.5,10.3,9,TOP,T3_TOP_C3,S8,49.62,17,76,3.5,34.19963852,3.960244648,12.4617737,5.077453957,1.865443425,3.669724771,19.63495408,5,21.15,20.08
PUK_3_TOP_3_S9,PUK,3,6.56,3.6,2.5,10.3,9,TOP,T3_TOP_C3,S9,49.62,17,76,3.8,37.89532265,4.451219512,12.74390244,5.098105306,2.088414634,3.551829268,19.63495408,5,21.15,20.08
